reporter,1995,1996,1997,1998,1999,2000,2001,2002,2003,2004,2005,2006,2007,2008,2009,2010,2011,2012,2013,2014
ABW,,,,,,,,,,,278.9021301269531,,,,228.78802490234375,227.68055725097656,201.0243377685547,,,
AFG,,,,,,,,,,,,,,223.98602294921875,224.68075561523438,227.51023864746094,221.50701904296875,269.5785217285156,266.6678161621094,249.0149688720703
AGO,225.22940063476562,230.95779418945312,223.62078857421875,239.9167022705078,221.2218475341797,200.1944122314453,206.4643096923828,209.9647979736328,210.83103942871094,212.4569854736328,208.7798309326172,194.9205322265625,189.69692993164062,195.5894775390625,208.5959014892578,209.64358520507812,207.4673614501953,187.2775115966797,189.00497436523438,
ALB,,205.20419311523438,216.10980224609375,207.01705932617188,195.07232666015625,204.00204467773438,195.3660888671875,193.2753143310547,192.741943359375,191.1199493408203,229.55389404296875,233.8786163330078,189.66043090820312,224.12164306640625,185.11778259277344,185.8426055908203,178.63623046875,179.4644317626953,175.99697875976562,183.53189086914062
AND,,,,,,187.10487365722656,181.0936279296875,174.8473663330078,176.2630157470703,172.67410278320312,171.60528564453125,170.83090209960938,179.77276611328125,187.51348876953125,191.62879943847656,200.41441345214844,190.74790954589844,192.4474334716797,190.83343505859375,
ANT,,,,,,,,,,,204.1281280517578,188.27163696289062,198.2065887451172,186.67637634277344,,,,,,
ARE,,,,,,,,,,,143.55221557617188,,129.6611785888672,124.03797149658203,,,,102.62898254394531,97.44210052490234,100.89962768554688
ARG,143.3715362548828,142.1607666015625,137.88186645507812,136.76637268066406,141.38914489746094,139.9501495361328,141.6288604736328,145.4092254638672,142.89736938476562,140.2686767578125,137.25973510742188,134.90965270996094,132.51890563964844,130.4701690673828,137.55665588378906,135.10369873046875,129.04644775390625,132.4864044189453,130.37171936035156,135.87123107910156
ARM,,,254.33531188964844,,262.4913330078125,264.6610107421875,261.29351806640625,229.97763061523438,221.89688110351562,216.97035217285156,204.91595458984375,202.46307373046875,207.6717071533203,205.77346801757812,217.2606201171875,218.89971923828125,212.90341186523438,215.40725708007812,215.19114685058594,204.59132385253906
ATG,,,,,315.2599182128906,293.9736022949219,,,,,295.4720764160156,,295.66497802734375,,330.0277099609375,338.55462646484375,331.2698669433594,317.12347412109375,323.7946472167969,377.05657958984375
AUS,122.36341094970703,123.34188079833984,123.27122497558594,121.91152954101562,121.36856079101562,120.54905700683594,118.34725189208984,116.7079086303711,117.78666687011719,119.1248550415039,119.58966064453125,118.34813690185547,116.23223876953125,120.0423583984375,118.56087493896484,118.09323120117188,110.80551147460938,112.75255584716797,112.4156265258789,125.86241912841797
AUT,97.64574432373047,98.2260513305664,95.97358703613281,92.82001495361328,92.94273376464844,92.11817169189453,90.94098663330078,89.73481750488281,87.97480773925781,85.28001403808594,86.0509033203125,84.68794250488281,84.43795776367188,87.00924682617188,95.7467269897461,95.1407470703125,89.09113311767578,90.91926574707031,89.27286529541016,83.6903305053711
AZE,,206.34278869628906,184.03480529785156,225.547119140625,230.45831298828125,197.0806884765625,204.3602752685547,187.19827270507812,181.61119079589844,169.12376403808594,162.2760009765625,161.87680053710938,166.93118286132812,162.64466857910156,171.01939392089844,177.93991088867188,168.14720153808594,168.03724670410156,167.81056213378906,164.53445434570312
BDI,292.00555419921875,356.8173522949219,332.8713684082031,317.6701354980469,310.87786865234375,334.5317687988281,318.4111328125,339.98480224609375,320.09326171875,305.2607421875,275.8390197753906,297.3062744140625,272.9299011230469,295.0838928222656,283.13824462890625,295.8111877441406,304.15997314453125,360.3173522949219,297.6742248535156,293.9451599121094
BEL,,,,,84.81190490722656,83.72420501708984,81.8001937866211,78.19796752929688,77.9267807006836,76.7871322631836,75.91644287109375,76.359375,75.1317138671875,75.166259765625,72.5413589477539,68.95829772949219,55.76117706298828,58.95588302612305,,53.19637680053711
BEN,,,,231.87815856933594,226.15589904785156,227.64088439941406,223.22023010253906,214.63031005859375,212.93881225585938,216.76390075683594,210.350341796875,216.31393432617188,208.12828063964844,207.06756591796875,210.15093994140625,218.62322998046875,207.6987762451172,204.9040985107422,194.26605224609375,206.77279663085938
BFA,262.0081787109375,266.4872741699219,246.00283813476562,241.95127868652344,225.71585083007812,241.76101684570312,245.3865509033203,239.79432678222656,244.5823211669922,236.99290466308594,241.8374481201172,,231.11859130859375,245.5845184326172,236.21961975097656,234.3861846923828,212.06541442871094,,204.40206909179688,200.3061981201172
BGD,181.67364501953125,187.43064880371094,184.14556884765625,180.43646240234375,,181.9629364013672,180.40872192382812,182.97901916503906,179.5406036376953,171.46533203125,169.7953643798828,162.68836975097656,164.86302185058594,169.3372802734375,167.6706085205078,161.7976837158203,154.56375122070312,,,
BGR,,149.00946044921875,151.7084503173828,153.3260498046875,150.6790771484375,146.2658233642578,142.3759307861328,138.76519775390625,134.852294921875,131.51976013183594,130.06027221679688,125.193115234375,124.43598175048828,122.9701156616211,130.1088409423828,128.5052947998047,98.38762664794922,99.22386169433594,,
BHR,,,,,,180.16104125976562,,,,92.17721557617188,130.93565368652344,138.95538330078125,138.76422119140625,165.8663330078125,182.259033203125,162.7991485595703,153.51766967773438,166.70028686523438,135.28170776367188,148.5946502685547
BHS,,,196.25796508789062,180.8105926513672,180.9702911376953,174.49661254882812,174.8969268798828,176.48345947265625,172.7711639404297,183.1103973388672,170.91468811035156,171.2372283935547,167.56021118164062,163.415771484375,168.83944702148438,162.5655059814453,176.96116638183594,177.0965576171875,171.82229614257812,266.3517761230469
BIH,,,,,,,,,165.3961181640625,160.0074462890625,157.0249481201172,149.64820861816406,148.457275390625,148.92425537109375,155.07110595703125,158.1101837158203,150.8365936279297,141.37059020996094,142.02615356445312,129.6198272705078
BLR,,,,180.09654235839844,182.8179473876953,175.7986297607422,169.0601348876953,168.20840454101562,161.7955780029297,156.82925415039062,156.0555877685547,151.54849243164062,150.7991485595703,148.73675537109375,162.57139587402344,161.82301330566406,150.2749786376953,121.52252197265625,129.0508575439453,120.40040588378906
BLZ,206.873779296875,212.3809814453125,204.7859649658203,206.0899200439453,291.7947692871094,195.11508178710938,229.85472106933594,255.1485595703125,198.3177947998047,204.59957885742188,198.26148986816406,206.38194274902344,217.52760314941406,215.056396484375,217.1428985595703,225.5321807861328,217.95277404785156,213.7958526611328,214.04376220703125,
BMU,,,,,,,,,,,,,,,,,,256.9598083496094,242.62818908691406,
BOL,186.5277099609375,190.01564025878906,180.11251831054688,179.02328491210938,184.06907653808594,192.370849609375,194.86251831054688,198.90956115722656,195.42208862304688,191.00027465820312,190.1846466064453,187.228271484375,189.8794708251953,181.4793243408203,189.42506408691406,186.76104736328125,178.44894409179688,174.68569946289062,173.8553466796875,183.24522399902344
BRA,133.58956909179688,135.23191833496094,130.93023681640625,130.9290771484375,129.4794158935547,129.16259765625,125.2844467163086,127.262451171875,129.5081024169922,126.480712890625,127.01924896240234,126.15140533447266,125.7508544921875,123.68049621582031,129.08287048339844,125.13685607910156,118.16864013671875,115.92555236816406,115.109130859375,123.80538940429688
BRB,,,198.1787872314453,202.36117553710938,202.73764038085938,202.5540771484375,205.75616455078125,211.33164978027344,216.28053283691406,214.78814697265625,207.4801483154297,203.65679931640625,206.87904357910156,209.17501831054688,213.6822052001953,221.13082885742188,213.10781860351562,211.65518188476562,,
BRN,,,196.80233764648438,199.25047302246094,,,247.27053833007812,246.24069213867188,270.4910888671875,231.38092041015625,,252.00550842285156,,,,,,214.9181365966797,215.74575805664062,
BTN,,,,283.181884765625,299.7581787109375,,,,,,218.5316619873047,209.69992065429688,208.5387725830078,233.92864990234375,222.88233947753906,218.32554626464844,212.1677703857422,220.15235900878906,,
BWA,,,,,,219.97654724121094,234.45774841308594,212.33489990234375,247.01075744628906,226.2776641845703,219.1517333984375,237.5437469482422,184.24314880371094,187.1538848876953,211.9884490966797,158.37318420410156,151.56858825683594,157.56610107421875,160.00701904296875,158.07449340820312
CAF,283.76263427734375,293.349609375,300.049072265625,303.284423828125,311.89129638671875,337.69189453125,333.1392822265625,336.7775573730469,338.3988037109375,303.2969055175781,288.2038879394531,322.4836730957031,307.5220031738281,320.86297607421875,335.5483093261719,329.7149658203125,323.4075622558594,328.2542724609375,357.710205078125,365.350830078125
CAN,80.41143798828125,81.66230010986328,79.21488952636719,77.44690704345703,77.05420684814453,78.78919982910156,79.34207153320312,79.62947082519531,82.61494445800781,83.17105102539062,83.44778442382812,83.37288665771484,84.17864990234375,86.21800994873047,89.10562133789062,87.61085510253906,,,,
CHE,96.36923217773438,97.90878295898438,93.25104522705078,91.68163299560547,89.9381332397461,88.84723663330078,88.1071548461914,87.99848937988281,87.93622589111328,86.55622863769531,85.91969299316406,84.16110229492188,82.44973754882812,93.24516296386719,94.20851135253906,94.32597351074219,90.0185317993164,79.29961395263672,72.51296997070312,79.23089599609375
CHL,127.11011505126953,130.00279235839844,127.56741333007812,128.81588745117188,131.4292449951172,128.45901489257812,125.0726089477539,129.0038604736328,127.08905792236328,121.31867218017578,118.40650939941406,109.44510650634766,106.66007995605469,111.46715545654297,113.74715423583984,109.98056030273438,106.66835021972656,107.44607543945312,109.65692138671875,126.2811050415039
CHN,114.5772933959961,118.1806411743164,115.78875732421875,116.9393310546875,116.6463623046875,112.52305603027344,110.279296875,106.00452423095703,101.24996948242188,97.03755950927734,95.30189514160156,94.82290649414062,93.61920166015625,96.87281036376953,99.04936218261719,95.92510223388672,91.70695495605469,91.80060577392578,90.76484680175781,
CIV,167.056884765625,167.61264038085938,160.08349609375,157.5131072998047,157.96922302246094,167.3671417236328,171.26608276367188,168.51048278808594,170.2117462158203,161.69967651367188,165.729736328125,168.443603515625,166.75192260742188,169.56422424316406,166.69317626953125,171.67091369628906,163.09848022460938,157.4772186279297,160.1521453857422,152.37448120117188
CMR,205.23097229003906,201.61488342285156,198.52003479003906,,,212.69512939453125,200.50103759765625,207.25241088867188,208.79013061523438,210.29908752441406,210.3905029296875,204.44012451171875,198.4935760498047,199.99209594726562,209.6482696533203,205.49896240234375,200.9682159423828,193.34426879882812,,193.749755859375
COG,206.10401916503906,,,,,,,,,,,,144.19635009765625,143.27224731445312,,,,149.11676025390625,123.05741119384766,159.9388885498047
COK,,,,,,,,,,,307.4428405761719,,,355.3613586425781,386.6937561035156,376.9091491699219,390.0544128417969,,,
COL,147.84722900390625,152.13694763183594,148.21835327148438,148.48541259765625,153.62921142578125,154.3410186767578,152.9779510498047,154.5194091796875,153.5529327392578,151.48936462402344,149.61912536621094,147.40382385253906,150.90411376953125,147.39112854003906,149.07203674316406,149.94992065429688,143.23876953125,143.1751708984375,144.88853454589844,162.7967987060547
COM,276.6412048339844,293.585693359375,298.897216796875,300.51080322265625,312.4053955078125,341.2402038574219,322.4143371582031,327.8200988769531,325.2171630859375,390.4405517578125,369.7051086425781,380.56512451171875,412.74371337890625,357.54888916015625,346.4429016113281,335.55303955078125,330.4104919433594,327.10546875,333.53466796875,
CPV,,,267.6133117675781,262.63995361328125,266.46441650390625,267.946044921875,274.35467529296875,271.6771240234375,276.9407653808594,265.5626525878906,269.7625732421875,265.75152587890625,267.77667236328125,,260.61602783203125,258.27178955078125,248.86187744140625,241.0264892578125,228.77743530273438,207.87704467773438
CRI,157.76089477539062,158.01063537597656,146.79721069335938,140.12342834472656,135.0682830810547,140.0536346435547,142.1240997314453,139.62017822265625,138.3070068359375,140.46690368652344,138.8954315185547,141.8780975341797,140.42398071289062,139.7665557861328,150.77154541015625,148.69509887695312,143.52041625976562,140.331787109375,142.0927734375,
CUB,,,,,196.75579833984375,197.11602783203125,196.68878173828125,202.42144775390625,199.20164489746094,190.48069763183594,185.19691467285156,207.99205017089844,,,,,,,,
CYP,178.87034606933594,180.7905731201172,182.00181579589844,182.32778930664062,183.3220672607422,184.05294799804688,184.17527770996094,182.12863159179688,181.1514434814453,174.9609375,173.58602905273438,169.17393493652344,169.71678161621094,170.21237182617188,177.6259765625,176.2096710205078,169.83094787597656,172.447998046875,168.92263793945312,166.49700927734375
CZE,114.72953796386719,117.04493713378906,115.03162384033203,110.2972640991211,109.98448181152344,107.2740707397461,104.86636352539062,99.43797302246094,100.31547546386719,97.36978912353516,96.64308166503906,94.63031005859375,92.07636260986328,93.44152069091797,90.0696792602539,86.04454040527344,75.56399536132812,73.89590454101562,67.61494445800781,57.588375091552734
DEU,77.4999771118164,78.2341079711914,76.83805847167969,74.90140533447266,74.12272644042969,74.28162384033203,72.36553192138672,71.27981567382812,71.68547821044922,69.9489517211914,69.23817443847656,67.84188079833984,68.37309265136719,68.91067504882812,74.50846862792969,75.3900375366211,70.6214828491211,71.42388916015625,72.4136962890625,69.15767669677734
DMA,236.34024047851562,231.96115112304688,230.01351928710938,,231.0423583984375,228.75352478027344,237.60821533203125,237.03456115722656,242.7166290283203,243.60716247558594,244.3013458251953,245.12599182128906,256.1361999511719,261.637451171875,276.5747985839844,295.8777770996094,,294.5179443359375,,
DNK,100.666748046875,102.3882064819336,97.24459075927734,97.295166015625,95.87627410888672,96.64913177490234,94.73585510253906,92.20643615722656,92.66598510742188,91.27427673339844,91.55899047851562,89.19180297851562,90.45806884765625,90.84901428222656,98.36417388916016,99.17756652832031,92.1707534790039,95.00047302246094,95.3910140991211,90.2814712524414
DOM,,185.1397247314453,179.30517578125,,,,191.44192504882812,145.080322265625,142.4285430908203,143.75454711914062,151.86390686035156,161.7171173095703,162.9340057373047,168.6163330078125,172.6574249267578,173.48231506347656,165.99874877929688,161.8675537109375,162.3450164794922,207.38613891601562
DZA,177.97621154785156,174.77816772460938,170.9114227294922,179.28529357910156,174.1793212890625,137.23989868164062,139.39569091796875,139.6981201171875,141.87594604492188,141.4613800048828,138.47909545898438,136.88999938964844,131.51434326171875,126.04092407226562,138.67282104492188,133.54281616210938,126.45301818847656,131.03622436523438,128.98545837402344,113.4216537475586
ECU,161.14974975585938,161.81056213378906,156.87722778320312,156.27716064453125,164.39573669433594,164.73638916015625,157.94956970214844,164.541748046875,167.38714599609375,167.36085510253906,164.7043914794922,159.4841766357422,163.44403076171875,159.2613983154297,161.01605224609375,158.461181640625,151.52748107910156,147.52005004882812,148.7366485595703,164.60443115234375
EGY,171.1729736328125,178.77755737304688,175.99603271484375,175.75936889648438,178.49398803710938,171.53726196289062,172.79153442382812,172.3198699951172,163.00408935546875,157.93272399902344,156.8201904296875,155.6171417236328,151.92176818847656,141.557373046875,143.69967651367188,146.10667419433594,141.7463836669922,143.24720764160156,150.2374725341797,147.28372192382812
ERI,,,,,,,,,332.4417419433594,,,,,,,,,,,
ESP,103.11209869384766,102.98551177978516,100.58450317382812,98.49675750732422,96.54603576660156,97.22174835205078,96.6788101196289,96.26041412353516,94.94209289550781,93.84420013427734,94.10114288330078,93.30581665039062,91.91830444335938,95.3313217163086,98.54129791259766,97.27112579345703,91.16517639160156,91.7026138305664,89.8614273071289,83.66043853759766
EST,142.27439880371094,134.28123474121094,123.40929412841797,125.7353286743164,125.48692321777344,114.3244400024414,119.50787353515625,114.76256561279297,110.49669647216797,114.99723052978516,110.02822875976562,99.4500732421875,104.45225524902344,99.54236602783203,71.68525695800781,59.993316650390625,,,,
ETH,224.048828125,,228.22491455078125,224.91099548339844,231.2396240234375,238.21437072753906,241.47886657714844,235.98565673828125,227.18191528320312,224.60276794433594,213.10165405273438,219.40481567382812,217.59767150878906,221.92535400390625,220.94480895996094,215.7948760986328,209.07606506347656,208.3151092529297,202.29461669921875,207.7045135498047
FIN,114.60607147216797,112.80316162109375,110.87915802001953,111.52555847167969,112.27706909179688,110.79168701171875,110.22537994384766,109.08324432373047,108.45455169677734,107.03213500976562,106.55542755126953,104.96255493164062,105.83279418945312,107.0494384765625,118.07695770263672,115.63188934326172,110.7796401977539,109.60896301269531,110.61768341064453,107.59955596923828
FJI,,,,,,189.72486877441406,,200.05624389648438,199.56199645996094,203.27145385742188,207.87081909179688,213.35711669921875,220.16419982910156,217.67230224609375,217.6990966796875,211.2149200439453,209.86065673828125,221.4935760498047,222.23353576660156,224.132568359375
FRA,87.28296661376953,88.0604019165039,87.05812072753906,84.90480041503906,82.45003509521484,82.26453399658203,82.1968994140625,81.73300170898438,81.79875946044922,80.69886016845703,81.02580261230469,79.60969543457031,80.12971496582031,81.38423919677734,82.37344360351562,80.99176025390625,76.22379302978516,76.97303009033203,78.5854721069336,73.63970184326172
FRO,,,,,184.16629028320312,187.95831298828125,180.92495727539062,186.5951385498047,183.71470642089844,183.04412841796875,185.38323974609375,191.151123046875,184.02284240722656,183.84799194335938,192.40699768066406,,,,,
FSM,,222.2309112548828,235.54347229003906,231.68785095214844,232.7699432373047,226.84361267089844,198.46690368652344,224.28341674804688,221.34292602539062,232.40220642089844,272.8255310058594,288.3774108886719,285.0880432128906,286.1579895019531,250.69822692871094,265.0890808105469,267.8110046386719,248.84014892578125,274.69537353515625,274.45941162109375
GAB,,188.9700469970703,186.85507202148438,187.46255493164062,192.11363220214844,194.60403442382812,181.43763732910156,183.32632446289062,202.24053955078125,182.75137329101562,178.13682556152344,177.23635864257812,174.6690216064453,174.6708221435547,184.94456481933594,,,,,
GBR,85.28593444824219,85.25666809082031,84.05471801757812,83.27503967285156,82.55165100097656,81.37312316894531,80.34317779541016,80.43031311035156,81.00088500976562,80.85401916503906,80.2402114868164,79.99675750732422,82.7990951538086,83.80855560302734,87.45845031738281,85.99097442626953,80.98167419433594,82.46668243408203,81.17170715332031,81.15985107421875
GEO,,236.11746215820312,221.41778564453125,237.94305419921875,233.12632751464844,225.8270263671875,229.53814697265625,215.16360473632812,213.85858154296875,203.10580444335938,192.1332550048828,188.3708038330078,184.66702270507812,182.103515625,189.02503967285156,184.73953247070312,177.21243286132812,176.38340759277344,172.45150756835938,166.52572631835938
GHA,,152.57456970214844,166.06256103515625,172.96127319335938,172.453857421875,156.00262451171875,159.16778564453125,,160.36875915527344,,159.87017822265625,157.5226287841797,178.91334533691406,177.5751190185547,176.53440856933594,183.787109375,143.37777709960938,147.35476684570312,155.69166564941406,
GIN,236.1980438232422,255.79595947265625,247.93267822265625,241.80801391601562,238.06890869140625,226.74853515625,222.5594024658203,214.74948120117188,,268.6639404296875,227.38795471191406,247.95208740234375,229.5093536376953,207.75408935546875,,,,,199.66119384765625,192.38059997558594
GMB,309.60906982421875,294.8944396972656,335.74249267578125,290.7822570800781,304.4410095214844,298.97747802734375,319.0870666503906,284.9653625488281,338.4693298339844,314.1729431152344,325.75738525390625,309.89495849609375,295.050537109375,313.88580322265625,286.995849609375,282.8053283691406,292.7088623046875,267.22930908203125,288.99462890625,285.090087890625
GNB,,,,,,,,,303.85223388671875,349.2154235839844,465.2806396484375,,,,,,,,,
GNQ,224.6033172607422,222.27906799316406,211.7119140625,191.40231323242188,174.73446655273438,168.52549743652344,204.55458068847656,214.77191162109375,194.15321350097656,211.5596466064453,206.53309631347656,195.34652709960938,211.95016479492188,231.3123016357422,238.76083374023438,221.89266967773438,223.19187927246094,,,
GRC,134.81982421875,134.75570678710938,133.73825073242188,132.0754852294922,130.4013671875,133.58299255371094,134.4178009033203,135.43885803222656,130.65426635742188,129.61068725585938,130.9827880859375,127.78166198730469,127.93302917480469,126.03317260742188,131.35777282714844,132.68682861328125,126.68889617919922,126.44866943359375,128.60894775390625,120.41934967041016
GRD,251.1302490234375,255.9703369140625,245.8223114013672,225.03619384765625,235.8105926513672,205.73001098632812,224.91688537597656,247.40896606445312,258.39447021484375,256.9255676269531,250.5605010986328,268.6815490722656,246.13406372070312,258.0980224609375,,,,,,
GRL,,,,,,,,,167.45664978027344,174.5511932373047,175.4498291015625,177.39407348632812,184.12091064453125,180.9823455810547,180.6171875,177.56634521484375,164.9003448486328,165.69677734375,,
GTM,172.56979370117188,175.63320922851562,172.0113983154297,166.5751495361328,167.9083251953125,169.82359313964844,166.7095184326172,171.55783081054688,168.90606689453125,167.63226318359375,153.74746704101562,168.31871032714844,150.09283447265625,155.06704711914062,153.91697692871094,154.1715087890625,147.95559692382812,148.0605926513672,150.51119995117188,179.85879516601562
GUY,,,170.7076416015625,166.04391479492188,171.33963012695312,152.53805541992188,166.5236358642578,170.87203979492188,174.47222900390625,174.97140502929688,160.1561279296875,185.07693481445312,181.464111328125,194.3635711669922,188.741455078125,189.0983428955078,182.6380615234375,168.9458465576172,173.56858825683594,222.90570068359375
HKG,72.38309478759766,75.14779663085938,70.43785095214844,70.89956665039062,72.34528350830078,66.26011657714844,67.4634017944336,64.95492553710938,45.52985382080078,38.88730239868164,51.28020095825195,,60.709632873535156,71.36763763427734,72.08174896240234,83.7551498413086,76.66431427001953,58.88380432128906,56.62508773803711,
HND,173.60516357421875,154.94296264648438,152.9348907470703,147.5999298095703,156.34255981445312,174.67312622070312,171.3575439453125,176.45933532714844,177.9622344970703,176.37753295898438,177.7171173095703,170.636474609375,166.6711883544922,,169.51072692871094,168.38784790039062,163.48387145996094,156.09185791015625,,182.5307159423828
HRV,142.73098754882812,146.81747436523438,147.8705291748047,147.71554565429688,149.4342498779297,145.7550048828125,143.71014404296875,142.44041442871094,136.7628173828125,135.266845703125,136.2877197265625,133.8717041015625,133.32568359375,133.66635131835938,142.02415466308594,143.00857543945312,135.79006958007812,137.6780242919922,135.45355224609375,124.61772155761719
HUN,127.84283447265625,126.78736114501953,116.28888702392578,110.98394775390625,108.49261474609375,105.18595886230469,103.93653869628906,102.07746887207031,100.27041625976562,96.25023651123047,96.23504638671875,92.49561309814453,90.49732971191406,90.1868667602539,77.21617889404297,,,,,
IDN,131.267578125,134.3786163330078,134.77490234375,130.92453002929688,136.5539093017578,130.61598205566406,132.3337860107422,135.25033569335938,135.8401641845703,132.68829345703125,131.72593688964844,134.94393920898438,133.80471801757812,134.33651733398438,138.17198181152344,132.85140991210938,125.47918701171875,124.91737365722656,124.11433410644531,134.00363159179688
IND,150.3768768310547,151.2356414794922,151.6531524658203,152.17271423339844,151.94166564941406,150.8323516845703,150.8341827392578,147.25392150878906,144.2041778564453,141.93128967285156,135.30982971191406,133.1632843017578,128.68333435058594,125.37142944335938,131.00975036621094,129.43751525878906,122.61051177978516,118.66853332519531,113.56806945800781,119.73020935058594
IRL,85.94834899902344,84.76679992675781,82.99099731445312,77.12747192382812,75.75955963134766,73.93458557128906,77.17510223388672,86.08783721923828,91.64030456542969,89.05545806884766,87.76386260986328,90.71100616455078,92.06829833984375,94.94998168945312,101.1285400390625,99.28826904296875,99.95685577392578,96.49980926513672,96.47246551513672,94.43016052246094
IRN,,,178.91796875,186.18685913085938,186.94798278808594,178.7064971923828,175.82766723632812,172.02398681640625,166.09744262695312,164.3800811767578,159.40005493164062,158.94097900390625,,,,153.4193115234375,152.93247985839844,,,
IRQ,,,247.340087890625,241.13455200195312,261.02484130859375,245.2196044921875,230.81324768066406,216.45460510253906,,186.6552734375,192.05657958984375,192.63311767578125,203.32028198242188,177.12640380859375,187.14752197265625,194.708251953125,196.02279663085938,205.42709350585938,233.93585205078125,
ISL,159.1967315673828,158.8374481201172,156.33297729492188,153.89598083496094,152.97857666015625,154.44711303710938,151.5376739501953,153.91905212402344,153.90464782714844,150.4414825439453,148.03079223632812,145.32749938964844,136.91090393066406,145.2998809814453,159.7890625,161.6826629638672,154.34877014160156,148.95082092285156,153.4363555908203,
ISR,121.97499084472656,122.73381042480469,121.40984344482422,117.89165496826172,114.64381408691406,117.18936920166016,117.00066375732422,118.16351318359375,120.16179656982422,116.9516830444336,117.00086975097656,115.49470520019531,118.27733612060547,113.69529724121094,118.89417266845703,118.50248718261719,110.56588745117188,,,
ITA,92.1013412475586,93.35687255859375,93.0508804321289,92.17975616455078,92.02812957763672,91.3890609741211,90.37030029296875,90.42803955078125,90.46033477783203,89.21913146972656,89.57154846191406,88.20188903808594,87.39720153808594,88.77898406982422,90.95272064208984,90.00150299072266,84.52468872070312,85.93001556396484,86.17500305175781,81.4532470703125
JAM,,166.75013732910156,168.85751342773438,169.64199829101562,171.48828125,165.77890014648438,167.50698852539062,169.82005310058594,166.81222534179688,168.92588806152344,169.1840362548828,160.82125854492188,162.50445556640625,163.79673767089844,184.11875915527344,193.14535522460938,188.71548461914062,186.92572021484375,191.83306884765625,266.71923828125
JOR,195.3820037841797,,199.81861877441406,188.04672241210938,201.9287567138672,203.22872924804688,173.26197814941406,169.8329620361328,167.0055389404297,165.02340698242188,161.82115173339844,159.9428253173828,154.86033630371094,154.61021423339844,161.20858764648438,163.144287109375,155.88414001464844,156.72348022460938,146.7671661376953,153.17384338378906
JPN,102.48131561279297,102.81687927246094,102.03546142578125,103.36924743652344,102.88275146484375,101.01456451416016,101.45716857910156,100.92034149169922,100.52307891845703,99.19422912597656,98.87549591064453,97.8901596069336,97.6246337890625,100.01390075683594,104.103515625,102.34349060058594,97.86092376708984,99.26768493652344,97.48649597167969,
KAZ,,,,,,165.15493774414062,170.2256622314453,151.1876220703125,144.10311889648438,137.35726928710938,132.97940063476562,127.10340881347656,122.70613098144531,121.50910186767578,133.75936889648438,133.29212951660156,131.16873168945312,115.39478302001953,135.3284454345703,142.26084899902344
KEN,,,183.22409057617188,185.7062530517578,189.74420166015625,194.426513671875,188.19081115722656,197.1814422607422,180.6781005859375,183.4034881591797,169.69686889648438,172.1195526123047,169.88685607910156,170.04495239257812,173.55975341796875,172.81927490234375,,,166.68942260742188,
KGZ,224.59161376953125,203.78594970703125,,,,222.19729614257812,227.33396911621094,210.63978576660156,212.71307373046875,199.52369689941406,201.09075927734375,187.79664611816406,182.01144409179688,183.82833862304688,193.73480224609375,193.666748046875,186.9298095703125,181.22718811035156,176.62094116210938,
KHM,,,,,,198.98648071289062,200.96597290039062,193.96865844726562,192.22750854492188,187.7062530517578,191.51083374023438,192.2717742919922,188.75466918945312,193.18865966796875,185.10269165039062,173.80935668945312,161.3306884765625,158.01466369628906,148.5426788330078,160.4011993408203
KIR,377.8373107910156,344.0758361816406,367.2659912109375,340.7157897949219,338.1621398925781,,,,,,360.25579833984375,,325.30645751953125,351.2060241699219,341.0548095703125,387.1904296875,397.9406433105469,416.267578125,347.9775085449219,
KNA,246.3946533203125,272.14764404296875,230.783935546875,,241.74325561523438,238.84375,245.10433959960938,225.85809326171875,224.68853759765625,225.7534942626953,232.73272705078125,218.4947052001953,233.06307983398438,226.79537963867188,243.33660888671875,259.1993103027344,254.16339111328125,,,
KOR,106.77892303466797,108.35556030273438,106.65060424804688,108.51438903808594,107.41510009765625,103.41211700439453,105.34154510498047,104.9441909790039,103.20569610595703,100.55891418457031,101.95316314697266,101.59121704101562,101.29178619384766,100.02941131591797,95.87555694580078,94.740234375,89.62234497070312,90.38795471191406,89.93836212158203,110.39856719970703
KWT,,,,,,181.0718994140625,178.36524963378906,197.06260681152344,181.90704345703125,188.483154296875,,174.2879638671875,175.89306640625,174.6162109375,175.25836181640625,,,,156.88104248046875,132.6705322265625
LAO,226.14703369140625,229.6663818359375,235.19100952148438,239.14744567871094,231.96640014648438,208.6825408935547,208.8249969482422,209.3106689453125,211.7083282470703,205.909423828125,203.4608154296875,187.47877502441406,185.31954956054688,186.12124633789062,186.58746337890625,182.90756225585938,165.68601989746094,159.19500732421875,153.40139770507812,155.79879760742188
LBN,,,187.1505126953125,186.56259155273438,189.08343505859375,190.24826049804688,179.87564086914062,180.7843017578125,170.19639587402344,173.9550018310547,170.7329559326172,165.512939453125,162.3985137939453,158.27825927734375,163.1732940673828,158.77989196777344,165.78089904785156,168.09927368164062,167.62411499023438,171.25567626953125
LBR,138.14288330078125,,,,161.13821411132812,126.00809478759766,,97.2018814086914,,,,,136.05043029785156,151.63455200195312,138.15670776367188,158.94461059570312,154.36940002441406,152.42092895507812,151.17706298828125,172.91055297851562
LBY,,,,,,,,,,,,,141.509033203125,135.6663818359375,,,,,,
LCA,197.10848999023438,211.63880920410156,214.81983947753906,221.24295043945312,219.37124633789062,231.56678771972656,225.0397186279297,228.97064208984375,224.38528442382812,224.27871704101562,224.9794921875,210.93746948242188,219.94326782226562,210.20668029785156,,,,,,292.9511413574219
LKA,,,,,146.50515747070312,141.09039306640625,146.52658081054688,148.610107421875,147.0708770751953,144.3957061767578,144.79742431640625,145.9880828857422,147.1898956298828,155.95106506347656,165.0799560546875,166.8706512451172,159.4509735107422,161.072265625,158.58477783203125,166.12191772460938
LSO,,,,,,295.46514892578125,346.5601806640625,295.3077087402344,266.0860290527344,,,,,435.6387939453125,260.47747802734375,189.32872009277344,166.7534637451172,162.8931121826172,,
LTU,195.76861572265625,174.4594268798828,169.21554565429688,173.54408264160156,177.32659912109375,172.15982055664062,165.69357299804688,157.56204223632812,156.47149658203125,155.02503967285156,154.42372131347656,150.05979919433594,146.04922485351562,146.75714111328125,153.96176147460938,104.7296142578125,94.43134307861328,91.4674072265625,,66.50997161865234
LUX,,,,,123.74269104003906,121.29895782470703,116.71390533447266,118.18385314941406,120.32158660888672,119.48121643066406,118.63882446289062,118.28539276123047,121.10041046142578,122.1024398803711,114.4468765258789,117.70341491699219,108.73887634277344,117.00208282470703,120.55338287353516,106.61964416503906
LVA,156.4960174560547,139.92819213867188,132.78604125976562,133.14816284179688,131.3319854736328,129.9634552001953,127.14000701904297,122.5968246459961,122.39337158203125,110.22555541992188,106.66085815429688,110.33021545410156,105.40029907226562,97.51536560058594,98.60452270507812,82.56352233886719,104.32164764404297,96.56964874267578,98.0989990234375,82.0145034790039
MAC,,,,121.21443939208984,117.58443450927734,116.38408660888672,115.00279998779297,111.93627166748047,,,,124.19931030273438,134.9293975830078,144.98033142089844,182.62982177734375,213.27200317382812,220.193603515625,214.51675415039062,,
MAR,155.43577575683594,162.55917358398438,160.90728759765625,147.44602966308594,145.8855438232422,145.3485870361328,146.11676025390625,142.2801971435547,142.4881591796875,142.12025451660156,140.3521728515625,139.95433044433594,139.12078857421875,138.35833740234375,143.4780731201172,143.20082092285156,137.6624755859375,135.9027099609375,135.29501342773438,125.90283203125
MDA,222.31521606445312,183.97886657714844,,197.06321716308594,197.9115753173828,196.91627502441406,188.3241729736328,175.9768829345703,171.5518035888672,170.7384033203125,175.47390747070312,176.4185791015625,172.5934600830078,174.90460205078125,180.6429443359375,183.4008331298828,173.94981384277344,167.98211669921875,174.07302856445312,167.49090576171875
MDG,213.255859375,229.43238830566406,226.189453125,229.81427001953125,229.73411560058594,204.61749267578125,201.22622680664062,221.5079803466797,208.07749938964844,206.7451171875,215.45321655273438,213.80307006835938,207.7559051513672,205.03933715820312,213.64126586914062,207.7474822998047,199.7768096923828,194.28665161132812,181.2716827392578,171.1494903564453
MDV,262.58941650390625,249.85475158691406,243.02452087402344,242.53781127929688,234.05747985839844,233.8982391357422,232.11585998535156,228.60107421875,217.0518341064453,214.1011962890625,226.81019592285156,219.99273681640625,230.67770385742188,237.2080535888672,252.60958862304688,251.91099548339844,248.01588439941406,223.87001037597656,218.54702758789062,216.4729766845703
MEX,99.898681640625,99.49193572998047,96.42536163330078,93.44914245605469,91.9578857421875,89.48159790039062,91.06488800048828,92.52276611328125,97.34894561767578,96.80663299560547,97.06565856933594,95.79948425292969,97.52806091308594,97.5668716430664,97.76598358154297,96.3608627319336,92.062255859375,91.12479400634766,89.62305450439453,139.21485900878906
MKD,171.67091369628906,172.99411010742188,167.77883911132812,164.50628662109375,164.37644958496094,162.94334411621094,165.04856872558594,166.89903259277344,167.6823272705078,164.20236206054688,162.9058837890625,161.50436401367188,156.4219207763672,,168.54364013671875,151.71632385253906,139.37173461914062,136.93722534179688,140.35842895507812,123.10987854003906
MLI,,230.4354705810547,227.97915649414062,219.46780395507812,211.64830017089844,215.58714294433594,192.6841583251953,196.06112670898438,207.38189697265625,201.91061401367188,205.48770141601562,204.7343292236328,202.39761352539062,200.9784698486328,,202.75454711914062,196.73301696777344,193.85536193847656,,
MLT,122.45708465576172,139.58851623535156,140.75210571289062,137.37721252441406,137.3212432861328,132.4175262451172,132.9346466064453,132.1995086669922,134.39451599121094,126.4205551147461,131.4530792236328,126.58940887451172,126.39507293701172,129.02410888671875,135.381591796875,,,,,
MMR,,,,,,,,,,,,,,,,349.81298828125,,,,
MNG,,225.62847900390625,201.9310760498047,217.37118530273438,212.2352294921875,209.08737182617188,208.19888305664062,183.17694091796875,184.5986785888672,186.43626403808594,185.45321655273438,185.34165954589844,195.59361267089844,,,,,,194.53472900390625,227.43716430664062
MNT,,,,,,,,,,,,203.78897094726562,196.17947387695312,196.16343688964844,199.709228515625,201.97630310058594,191.10458374023438,192.5044708251953,202.0129852294922,195.45751953125
MOZ,,,,,,228.57546997070312,223.7904510498047,203.05946350097656,204.48773193359375,195.45736694335938,194.8628692626953,193.01502990722656,195.13150024414062,193.7521209716797,193.29461669921875,196.76502990722656,172.39723205566406,165.9493865966797,165.20034790039062,158.3135223388672
MRT,,,,,,265.9195556640625,256.9053039550781,258.9764709472656,255.34228515625,249.82833862304688,247.8091278076172,,267.71527099609375,246.02517700195312,239.73202514648438,233.63198852539062,215.333251953125,199.98318481445312,196.7283935546875,193.4661865234375
MUS,162.32305908203125,165.26187133789062,159.8354034423828,159.7939910888672,165.09835815429688,169.1124267578125,167.3754425048828,160.1254119873047,162.03720092773438,165.39927673339844,178.1106414794922,160.52406311035156,165.68585205078125,174.0865478515625,175.89707946777344,188.4010467529297,183.04542541503906,184.0437774658203,183.80642700195312,177.1475067138672
MWI,199.58090209960938,220.39039611816406,217.69607543945312,205.531494140625,216.2200927734375,220.6310577392578,217.0929718017578,222.0539093017578,217.68588256835938,213.5152587890625,214.7095184326172,211.9954071044922,207.71307373046875,213.45703125,208.0830078125,220.05450439453125,206.41537475585938,197.45993041992188,193.4506378173828,203.59361267089844
MYS,86.00948333740234,92.74574279785156,91.3748550415039,82.24102783203125,81.09786224365234,84.24945831298828,86.14091491699219,85.68299102783203,88.30902099609375,85.48507690429688,84.78632354736328,84.7867660522461,89.12499237060547,98.05111694335938,92.38433074951172,91.19779205322266,89.94429779052734,90.0185317993164,87.68879699707031,98.94831085205078
NAM,,,,,,226.27186584472656,211.68637084960938,208.3566131591797,217.08424377441406,198.7600860595703,195.229248046875,200.9901580810547,189.64198303222656,147.5312957763672,,105.84989929199219,118.10511016845703,142.92633056640625,130.3043975830078,113.10700225830078
NCL,,,,,195.87562561035156,190.0203399658203,,,,,187.43548583984375,191.65663146972656,196.3264923095703,178.3367919921875,154.63119506835938,193.146728515625,,,,
NER,351.68060302734375,329.2490539550781,340.1743469238281,314.7901916503906,295.2935791015625,261.526611328125,258.32421875,278.5827331542969,282.1532897949219,272.9985656738281,266.2637939453125,262.04217529296875,257.8988037109375,245.33056640625,267.0628662109375,261.3034362792969,261.2867431640625,255.22142028808594,227.43060302734375,214.53004455566406
NGA,,219.95899963378906,226.37298583984375,237.43582153320312,233.81797790527344,253.78961181640625,285.9642639160156,231.38333129882812,212.01312255859375,,,179.94468688964844,179.40383911132812,170.01422119140625,182.83584594726562,162.2769012451172,148.3316650390625,144.5692901611328,169.38941955566406,175.68763732910156
NIC,193.26243591308594,190.64334106445312,189.47640991210938,185.69442749023438,191.52294921875,188.35028076171875,192.54164123535156,187.2414093017578,189.03041076660156,184.46139526367188,182.38748168945312,196.97531127929688,183.52174377441406,172.44464111328125,186.30499267578125,182.8582305908203,176.64295959472656,152.55418395996094,155.3401641845703,169.54298400878906
NIU,,,,,380.37646484375,,294.37298583984375,,357.9631042480469,332.3773498535156,363.19085693359375,327.98248291015625,299.3111877441406,145.85072326660156,,,,,,
NLD,76.49227905273438,77.6212158203125,69.54022216796875,74.30193328857422,70.65940856933594,66.0990982055664,66.4440689086914,65.63697814941406,60.86739730834961,56.777008056640625,53.89261245727539,45.37550354003906,33.74394989013672,46.29922103881836,,,,,,
NOR,117.10157775878906,117.86251068115234,116.21868896484375,114.89385223388672,116.11322021484375,114.50294494628906,114.21035766601562,115.0702133178711,114.32832336425781,113.32498931884766,112.6334228515625,111.33863067626953,110.80341339111328,111.82005310058594,117.1543960571289,113.4537353515625,108.6126480102539,110.27005767822266,111.37025451660156,107.46587371826172
NPL,,,,254.58963012695312,230.2498321533203,235.4491424560547,,,214.65904235839844,,,,,,213.36598205566406,216.4612579345703,210.74215698242188,206.85806274414062,202.68838500976562,190.81680297851562
NZL,134.8303985595703,136.64842224121094,134.97824096679688,135.09710693359375,133.55093383789062,133.48980712890625,132.0617218017578,134.1529083251953,135.7257843017578,132.4127655029297,134.33197021484375,132.85890197753906,134.8715362548828,135.0175323486328,136.5160675048828,135.71336364746094,129.10061645507812,,,
OMN,165.3824005126953,165.8162841796875,155.5797882080078,156.55465698242188,172.61109924316406,179.72344970703125,173.00534057617188,180.77545166015625,240.6706085205078,196.83729553222656,180.54437255859375,180.1743927001953,164.35894775390625,163.58721923828125,164.125732421875,161.8558349609375,158.15318298339844,141.77090454101562,138.8031768798828,137.5277557373047
PAK,,,,,,,,,162.46812438964844,159.71209716796875,156.73532104492188,156.85350036621094,159.36795043945312,163.61447143554688,164.29505920410156,163.56710815429688,161.40536499023438,160.79995727539062,157.0605010986328,166.26736450195312
PAN,168.60321044921875,175.608154296875,171.62669372558594,166.11007690429688,165.59963989257812,167.67803955078125,168.14398193359375,169.50360107421875,166.6919403076172,167.88629150390625,167.24668884277344,165.04835510253906,161.86619567871094,164.5498504638672,171.5753173828125,175.645751953125,,169.19998168945312,,
PER,161.63905334472656,163.5657501220703,159.7754364013672,160.4116973876953,162.76724243164062,163.7269287109375,164.05833435058594,162.69920349121094,161.83038330078125,156.01129150390625,151.82664489746094,146.7894287109375,148.88575744628906,144.69635009765625,147.95616149902344,143.3640594482422,138.32203674316406,137.32989501953125,,
PHL,,129.65017700195312,114.04874420166016,114.5731430053711,114.0843734741211,111.14729309082031,114.11348724365234,114.48931884765625,114.1543960571289,113.8512954711914,117.50788879394531,119.12886047363281,121.21187591552734,125.48556518554688,131.1786346435547,134.33555603027344,131.49046325683594,124.27298736572266,125.87347412109375,146.1511688232422
PLW,,,,,,,,207.5816650390625,223.2322998046875,,,,,,235.21888732910156,221.48907470703125,228.39601135253906,258.4538879394531,,433.6435241699219
PNG,,,,205.84080505371094,,229.58827209472656,216.58251953125,197.5856475830078,198.3827362060547,191.63519287109375,,,,,,,149.9158935546875,,,
POL,128.4838409423828,126.26272583007812,123.21597290039062,120.83850860595703,119.47264862060547,118.13827514648438,115.92707824707031,111.81807708740234,107.99491119384766,104.44132232666016,102.92375183105469,98.5330810546875,97.14669799804688,96.4542007446289,95.51410675048828,93.96624755859375,88.02957916259766,89.26586151123047,86.98721313476562,79.94973754882812
PRT,116.10183715820312,117.95735168457031,115.52452087402344,113.16831970214844,111.09050750732422,112.04312896728516,111.17327117919922,110.67955780029297,110.4544906616211,109.0539321899414,109.66159057617188,107.73050689697266,106.27888488769531,108.62857055664062,111.45010375976562,111.13238525390625,102.1535873413086,101.70005798339844,101.21905517578125,94.68502044677734
PRY,173.48695373535156,175.88467407226562,174.77516174316406,174.60574340820312,190.08705139160156,184.75457763671875,183.60116577148438,185.58285522460938,180.59210205078125,180.35488891601562,180.05929565429688,182.22293090820312,170.97422790527344,165.50111389160156,171.72830200195312,170.88876342773438,163.1217041015625,164.20433044433594,157.42152404785156,151.8134307861328
PSE,,,,,,,,,,,,,330.0793151855469,328.90814208984375,328.9468688964844,,,,,
PYF,,148.3180694580078,141.99591064453125,131.77542114257812,153.22232055664062,149.9430389404297,,,,,,,,,,,,,,
QAT,,,,,,164.50497436523438,157.31454467773438,164.90843200683594,155.8146209716797,159.11695861816406,153.11209106445312,135.83837890625,82.25926208496094,183.28094482421875,136.51358032226562,162.5595703125,157.56436157226562,,162.0387420654297,199.6688690185547
ROM,152.31175231933594,151.78201293945312,148.41799926757812,143.905517578125,140.8599090576172,134.8145294189453,130.88168334960938,126.77960205078125,123.3695068359375,120.70420837402344,119.66514587402344,117.84591674804688,118.20816040039062,117.01538848876953,124.89895629882812,126.0885009765625,116.93631744384766,114.31797790527344,,
RUS,,81.05636596679688,41.571720123291016,,,,,118.0588607788086,117.13888549804688,114.10404205322266,111.35160827636719,109.13111877441406,108.29747772216797,107.25534057617188,117.11219787597656,115.82969665527344,110.9193115234375,106.10506439208984,107.28113555908203,104.39696502685547
RWA,,386.6595153808594,299.74884033203125,317.26080322265625,298.3037109375,,326.7208251953125,342.13165283203125,309.2237854003906,302.7201843261719,291.3531494140625,295.9722900390625,297.4666442871094,267.4023132324219,277.462158203125,283.19805908203125,297.0889587402344,275.771728515625,261.441650390625,269.45989990234375
SAU,154.0887908935547,158.20510864257812,,153.31402587890625,200.94387817382812,209.77786254882812,152.196044921875,267.91412353515625,130.00648498535156,,116.60980987548828,115.69863891601562,113.71049499511719,,,,,,120.42681884765625,125.87450408935547
SDN,210.53305053710938,246.06533813476562,232.7694854736328,224.44781494140625,256.6195373535156,203.99456787109375,196.13339233398438,206.52708435058594,188.91702270507812,182.36598205566406,172.64122009277344,175.5896759033203,,245.52365112304688,230.38038635253906,247.89791870117188,246.6953582763672,231.00233459472656,,
SEN,,223.54617309570312,230.50148010253906,209.88388061523438,215.01116943359375,191.09603881835938,192.91737365722656,217.486328125,190.94334411621094,192.4247283935547,186.68060302734375,204.13385009765625,187.579833984375,187.33261108398438,193.70843505859375,193.56643676757812,181.47836303710938,178.68499755859375,181.88157653808594,178.5835418701172
SGP,138.4354705810547,141.6455078125,140.70352172851562,144.50778198242188,143.64573669433594,143.20960998535156,144.0745391845703,145.3660125732422,142.51602172851562,141.35816955566406,141.0354461669922,139.94729614257812,140.3675537109375,139.2162628173828,143.07896423339844,142.4668731689453,136.71194458007812,136.89561462402344,134.68304443359375,141.86195373535156
SLE,,,,,,357.7460632324219,,396.8632507324219,,,,,,,,,,,,350.8009338378906
SLV,179.062255859375,182.0248565673828,174.1942138671875,172.6890106201172,174.54852294921875,172.70352172851562,174.49392700195312,176.10256958007812,176.46224975585938,177.23876953125,155.83843994140625,156.30966186523438,168.34201049804688,172.39024353027344,172.6135711669922,170.60543823242188,161.53079223632812,161.49288940429688,163.09194946289062,182.7321319580078
SMR,,,,,,,,,,,,,,,269.5263977050781,271.87310791015625,,,,
STP,,,,,,317.91033935546875,331.061279296875,303.3525695800781,291.79180908203125,317.7178955078125,321.583251953125,312.56146240234375,317.5205078125,313.7031555175781,328.12451171875,326.1113586425781,345.2826232910156,352.45782470703125,349.3670349121094,352.38311767578125
SUR,,155.93484497070312,,,112.45803833007812,259.12359619140625,242.2588653564453,260.04241943359375,265.0592041015625,260.95489501953125,254.4046173095703,249.268310546875,260.4754333496094,240.79360961914062,264.76312255859375,268.59326171875,254.100341796875,251.86459350585938,269.22515869140625,
SVK,134.78457641601562,136.31954956054688,129.4853973388672,127.92362976074219,132.11532592773438,128.06600952148438,124.70116424560547,121.33922576904297,116.60393524169922,112.89611053466797,110.6014404296875,105.35340118408203,98.67235565185547,95.14341735839844,48.794586181640625,,,,,
SVN,122.28231811523438,124.00167846679688,122.22660827636719,120.70362854003906,121.37139129638672,121.5445556640625,120.3689956665039,119.11164855957031,117.43608856201172,114.11937713623047,111.75761413574219,108.14747619628906,104.22193145751953,104.73761749267578,108.26142120361328,106.67748260498047,98.77919006347656,100.77281951904297,99.68492889404297,92.36407470703125
SWE,98.71222686767578,99.41218566894531,97.65108489990234,96.02185821533203,98.89857482910156,95.39222717285156,97.03656005859375,95.85543060302734,95.17513275146484,93.0099105834961,93.33173370361328,91.98018646240234,92.32715606689453,95.88782501220703,99.45543670654297,100.04643249511719,95.70702362060547,96.92623901367188,98.78606414794922,92.78973388671875
SWZ,,,,,,272.0706481933594,298.5842590332031,249.88111877441406,253.93299865722656,260.438720703125,277.7396240234375,299.85400390625,335.60284423828125,,,,,,,
SYC,264.6976318359375,242.35243225097656,229.16539001464844,220.26522827148438,217.8250732421875,224.96214294433594,212.74900817871094,212.2008514404297,202.5973358154297,206.01670837402344,199.92837524414062,204.31695556640625,203.8604736328125,205.2258758544922,,,,,,
SYR,,,,,,,210.91046142578125,196.1405792236328,178.10906982421875,190.13583374023438,173.8018798828125,158.6651153564453,155.31985473632812,161.915771484375,173.95162963867188,172.06707763671875,,,,
TCD,281.40179443359375,274.0805969238281,296.57183837890625,299.6479187011719,301.22503662109375,295.31854248046875,282.8573913574219,276.77362060546875,291.0848388671875,257.76312255859375,265.1844177246094,290.8930358886719,307.30810546875,302.33953857421875,292.5594482421875,275.88665771484375,311.87664794921875,286.3895568847656,296.5545349121094,289.3663024902344
TGO,235.3831329345703,243.39096069335938,234.08570861816406,239.16378784179688,233.29942321777344,231.01866149902344,231.77066040039062,225.7417449951172,196.42967224121094,204.45895385742188,213.6202392578125,,234.07237243652344,230.37283325195312,229.85560607910156,225.36569213867188,186.36141967773438,199.6849822998047,198.5939178466797,203.96873474121094
THA,109.13511657714844,112.37952423095703,109.8516616821289,110.14435577392578,111.4803466796875,105.98530578613281,104.82010650634766,107.69630432128906,107.54097747802734,103.90894317626953,103.06388092041016,104.05091094970703,104.86518096923828,105.4896011352539,107.02643585205078,104.52725982666016,96.82530212402344,96.06291961669922,96.37354278564453,108.47759246826172
TJK,246.47555541992188,218.2355194091797,216.50254821777344,247.57957458496094,253.095703125,244.84527587890625,252.9989471435547,232.0599365234375,216.71417236328125,210.80242919921875,206.62049865722656,200.03848266601562,197.21632385253906,198.97877502441406,187.73342895507812,195.02301025390625,200.57669067382812,202.16912841796875,210.18698120117188,
TKM,,,,,206.69076538085938,186.82911682128906,,,,,,,,,,,,,,
TMP,,,,,,,,,,336.1740417480469,348.2298278808594,,,,,,,,302.188720703125,
TON,,,,,,334.7304382324219,323.7928771972656,316.4802551269531,312.2900390625,304.9971008300781,327.056396484375,338.2677307128906,333.2963562011719,330.6871032714844,330.067626953125,330.4084777832031,314.26300048828125,343.6400146484375,350.44012451171875,387.1051940917969
TTO,160.15052795410156,136.74522399902344,128.80528259277344,141.78298950195312,167.1008758544922,169.7650604248047,154.1144256591797,171.0885467529297,173.875,161.76161193847656,157.800537109375,155.50514221191406,158.86630249023438,152.6170654296875,178.92379760742188,,,,,
TUN,142.8657989501953,146.86083984375,144.03575134277344,140.50732421875,141.52467346191406,141.31582641601562,135.6890411376953,136.11534118652344,136.10206604003906,133.78973388671875,134.76925659179688,132.8076171875,130.21676635742188,128.5742645263672,134.22232055664062,133.1521453857422,129.0626983642578,130.78895568847656,129.9984588623047,
TUR,140.626220703125,136.5415496826172,132.098388671875,140.2126007080078,138.2082977294922,134.66773986816406,130.41049194335938,127.09468841552734,124.01580810546875,119.2082290649414,120.02482604980469,117.59359741210938,116.67559051513672,116.36613464355469,120.0137939453125,120.1715316772461,112.62268829345703,111.49105072021484,110.81849670410156,105.66898345947266
TUV,,,,,,,,396.3343811035156,445.8658142089844,447.94989013671875,498.1255187988281,,,,,,,,,
TZA,,,214.9507293701172,213.94503784179688,216.35870361328125,220.97933959960938,216.2640838623047,214.38404846191406,204.7097625732422,202.4049072265625,197.69960021972656,201.56118774414062,199.1802978515625,194.5001983642578,197.4807891845703,196.8609619140625,190.1776123046875,181.8562469482422,176.09075927734375,171.79241943359375
UGA,251.22215270996094,246.203857421875,245.0024871826172,233.3866424560547,233.10244750976562,248.56625366210938,237.6549072265625,228.65565490722656,223.5585174560547,227.4892120361328,225.428955078125,224.12393188476562,218.15432739257812,217.27423095703125,228.68809509277344,232.0523223876953,230.1980743408203,231.84954833984375,221.08053588867188,231.70645141601562
UKR,,148.25698852539062,152.331787109375,158.9219970703125,161.92147827148438,154.62454223632812,146.73919677734375,134.3843536376953,128.29025268554688,124.89155578613281,127.05292510986328,123.2420425415039,120.31690979003906,116.976318359375,126.46076965332031,125.6781234741211,116.99507141113281,117.13239288330078,106.09698486328125,101.73187255859375
URY,162.72093200683594,162.185302734375,158.9659881591797,157.57754516601562,164.4167022705078,162.2763214111328,163.8531494140625,171.55758666992188,168.9815673828125,162.4724884033203,164.25636291503906,161.29251098632812,160.96633911132812,161.3710174560547,163.31228637695312,161.0856170654297,154.3362579345703,151.4741973876953,150.21852111816406,155.44239807128906
USA,85.24577331542969,85.47571563720703,83.5742416381836,83.03560638427734,82.15753173828125,80.80516815185547,81.40216064453125,82.15689849853516,83.33086395263672,82.47886657714844,82.74064636230469,81.6570053100586,82.33979034423828,83.19779968261719,86.6864242553711,85.91043090820312,87.05658721923828,87.34782409667969,87.20491790771484,
UZB,191.0764923095703,158.75633239746094,164.47946166992188,189.65492248535156,202.74026489257812,200.1143035888672,191.82391357421875,180.1333465576172,175.1884765625,168.02728271484375,169.21449279785156,164.97021484375,158.34634399414062,157.22555541992188,172.1937255859375,164.9915313720703,164.0738525390625,166.4969940185547,164.44342041015625,171.7022705078125
VCT,233.49769592285156,233.74867248535156,227.2928924560547,221.3102569580078,222.5151824951172,231.1715545654297,236.0564727783203,242.09844970703125,256.2191162109375,246.43113708496094,243.95413208007812,243.60610961914062,246.69528198242188,253.89151000976562,260.5397033691406,296.876708984375,315.4216613769531,311.9090270996094,,
VEN,140.98562622070312,139.80667114257812,142.04823303222656,145.04977416992188,165.83006286621094,164.40988159179688,160.54095458984375,159.90444946289062,171.43795776367188,140.1930389404297,141.2227325439453,163.44761657714844,,169.51564025878906,190.20570373535156,186.9337615966797,188.27890014648438,197.80299377441406,,
VNM,,,,,,140.94110107421875,137.67556762695312,134.26107788085938,129.3822479248047,124.62419128417969,125.22504425048828,121.49996948242188,115.530029296875,115.46448516845703,113.54033660888672,105.18877410888672,95.43052673339844,91.42008209228516,83.1142807006836,88.93608856201172
VUT,,,,,,,,,,,,280.83941650390625,302.1159362792969,,265.8832702636719,270.4491271972656,269.7159118652344,,,
WSM,,,,,,,230.7181854248047,249.7029571533203,258.1653137207031,266.76007080078125,271.5250244140625,277.4092102050781,272.3834228515625,288.85955810546875,286.7802429199219,277.40985107421875,270.4226379394531,302.66632080078125,307.6156005859375,318.521728515625
YEM,,,,,,,,,,243.5828857421875,217.61749267578125,221.3185577392578,210.05709838867188,222.56698608398438,242.64776611328125,247.840087890625,252.37405395507812,237.17037963867188,,
ZAF,140.76065063476562,141.96060180664062,144.9681854248047,140.41729736328125,133.2156524658203,137.69114685058594,128.3611297607422,135.76898193359375,134.89048767089844,131.00367736816406,127.91422271728516,125.2435073852539,122.10477447509766,120.8919677734375,131.40647888183594,124.35935974121094,116.27998352050781,117.40174102783203,116.18495178222656,120.36564636230469
ZAR,224.8386688232422,225.02346801757812,250.78663635253906,262.9486999511719,274.9543151855469,306.096923828125,288.91015625,288.51422119140625,278.49847412109375,271.0783386230469,260.9609680175781,257.0655212402344,249.02041625976562,227.62274169921875,229.09576416015625,202.4028778076172,194.73501586914062,190.921630859375,187.17401123046875,207.3957977294922
ZMB,183.435546875,197.16346740722656,208.89918518066406,187.57406616210938,192.10845947265625,185.12789916992188,184.9656982421875,184.9870147705078,194.47181701660156,179.53567504882812,188.3330841064453,186.19894409179688,171.56552124023438,179.59951782226562,176.28248596191406,153.11795043945312,126.10223388671875,135.93661499023438,120.85649108886719,
ZWE,165.6438446044922,,,,,179.15347290039062,192.81143188476562,168.67935180664062,,175.54513549804688,183.3621063232422,,157.57296752929688,178.14300537109375,174.967529296875,161.92987060546875,154.89776611328125,160.95016479492188,163.90252685546875,163.34422302246094
